region,country,year,forest_cover_pct,annual_loss_pct,annual_loss_ha,risk_level,biodiversity_index,carbon_stock_mt
Central America,Guatemala,2011,78.01055043769483,0.7010445126451044,7306.399425053871,Medium,8.502387129736276,229.90203160954758
Central America,Panama,2012,55.79915553452308,0.4987595953312778,7307.2902285116525,Low,8.728260973423948,178.60709457966797
Amazon,Bolivia,2013,60.265814430548616,0.1921264944422995,1327.8164983513252,Low,9.669140607852487,151.38134165818047
Mekong,Cambodia,2016,67.86627056996953,0.8711778263387673,16421.025288019537,Medium,8.190260057764906,206.42219768373943
Amazon,Bolivia,2016,58.610490199458994,0.14913023499416345,1030.6625694861157,Low,9.71683492361675,198.20062349533453
Central America,El Salvador,2024,56.94211752655044,1.4330421977894316,4193.5040063964325,High,7.4382193255995075,181.8126654708159
West Africa,Benin,2017,75.27758355890482,0.9547528050049237,4779.676394300883,Medium,7.858859912159736,239.66894711338907
Central America,Honduras,2018,74.08977636685353,0.9796752906251951,3911.6671261339698,Medium,7.930927512927178,254.2167848996109
Mekong,Laos,2024,47.39946757836658,0.09430155195472778,3551.842005303539,Low,10.0,140.87553703762643
Atlantic Forest,Argentina,2019,56.61787332945081,0.31091621032880334,5955.019539718332,Low,9.379709642754907,156.7917867613457
Amazon,Bolivia,2015,59.05889372701192,0.450330246913652,3112.3033462631274,Low,9.00973426886,200.96698203433658
Southeast Asia,Philippines,2010,72.20704608706133,0.2175871546195502,4150.859742201675,Low,9.606082040422494,240.04355088186253
Atlantic Forest,Uruguay,2013,67.98391217653352,0.3292607330850379,921.0993085926447,Low,9.26079634732516,215.1175700247165
Amazon,Bolivia,2017,58.21687439865318,1.550454812470972,10715.437690794137,High,6.544304228581444,171.4432031843106
West Africa,Côte d'Ivoire,2021,50.99085613562979,0.5404286524752049,24246.40447639145,Medium,8.42012777645973,153.00016142704908
West Africa,Togo,2014,68.9887720127707,0.6363977880323446,3978.3953048572753,Medium,8.345488753860307,181.43085699569033
Southeast Asia,Thailand,2014,67.19202505545141,0.319882778119983,4120.427555546593,Low,9.796694037145427,223.8350057704983
Atlantic Forest,Argentina,2024,54.03323427967251,0.6580631376411263,12603.97082183986,Medium,8.368921097358541,183.6527290296004
Central America,El Salvador,2018,64.00758512146541,2.471902108686147,7233.514415824827,Critical,4.978733481709567,165.78910035506058
Central America,Costa Rica,2013,62.467870981006335,0.25988777248600686,515.4844576833973,Low,9.830592597594435,204.75625462114172
West Africa,Liberia,2010,65.78310537158269,0.020330427767994985,346.58032963846773,Low,9.820143559058522,205.43134921492828
Mekong,Cambodia,2017,67.3783429428122,0.9237545063243542,17412.05486372835,Medium,8.46917164477312,181.69554662062066
Atlantic Forest,Argentina,2015,58.38462411659883,1.5205749068819907,29123.773483896657,High,6.188453665020585,151.03386832834707
Central America,Belize,2021,43.982840195415754,0.5511654295287464,16582.379771307587,Medium,8.831410801171558,139.4183859742817
Atlantic Forest,Uruguay,2015,65.25506769693189,0.20262967736567933,566.8518501222981,Low,9.634188693567896,187.8111208126573
Amazon,Colombia,2010,79.01925078956211,0.2938506128288755,7470.760347967587,Low,9.423868135891333,273.4567293796797
Southeast Asia,Vietnam,2015,53.05231782941322,0.9062061362492002,26964.358221788425,Medium,7.3611283785821575,178.20892138121778
West Africa,Nigeria,2011,79.57497424254021,0.5431907347566344,3938.9122171404465,Medium,9.515174853702133,248.19878546226516
Atlantic Forest,Brazil (Atlantic),2023,55.42223213167828,0.9419271259953739,30753.868693153814,Medium,7.6888092755235435,176.7282764750827
Daintree,Papua New Guinea,2016,71.40641571196699,0.017223616953950138,849.8002944115641,Low,10.0,240.8365907432443
Southeast Asia,Indonesia,2015,73.21790406117404,1.8106169641541796,10840.781471577186,High,6.382748213015306,236.5840740180689
Amazon,Ecuador,2013,58.57869667975247,0.7346154513068024,6518.5274084564,Medium,9.032623859291734,185.73141880917788
Mekong,Laos,2012,62.6904836992096,0.7266395347521256,27368.678126165527,Medium,9.640465345182852,168.4662275716786
Atlantic Forest,Uruguay,2018,61.79007644429464,0.13462551506693876,376.6117741560749,Low,9.085566727594705,246.6091686410083
Amazon,Colombia,2019,67.61059010419277,0.9320901693465014,23697.15077619865,Medium,7.811362720670749,180.76811516641362
Amazon,Peru,2018,56.52556722192881,0.525998896897218,4994.520570828359,Medium,9.04254845312509,163.32584692378313
Central America,Costa Rica,2024,53.96021232284277,0.2732136207479945,541.9161270104788,Low,8.900896099727616,128.78607144032836
Southeast Asia,Cambodia,2019,82.47833908033213,0.8337523715060514,22262.070503376628,Medium,8.723586560965778,258.21098041638163
Daintree,Solomon Islands,2021,52.69405765410463,0.05093340397035451,330.553014531856,Low,10.0,161.10438170801007
Southeast Asia,Cambodia,2012,86.16027730597422,0.44987443503804436,12012.123422681001,Low,9.37997566792143,273.78636068521786
Congo Basin,Congo,2014,63.126652892450736,0.0490807780589258,2130.589172625564,Low,10.0,154.59864605526354
Southeast Asia,Thailand,2020,61.29805427413455,0.17125507496065268,2205.9459844705816,Low,10.0,206.15227617002228
Congo Basin,CAR,2019,78.08510365192258,0.20622062723600565,1933.0073546989336,Low,9.009746004693557,218.10660292637547
Central America,Honduras,2019,73.16415189827856,0.06540540577454212,261.15201443578144,Low,9.901823286122193,216.51235170755837
Atlantic Forest,Brazil (Atlantic),2018,59.8081739880497,0.7419597714880992,24224.945601640396,Medium,8.14667902265869,198.0559473377704
Madagascar,Seychelles,2023,60.16143306709709,0.002342789403159462,66.25732148860601,Low,10.0,185.70963288392926
Borneo,Indonesia (Borneo),2012,73.55806825876745,0.5125493710364817,19838.30219833917,Medium,8.058230675673821,227.31305590963964
Borneo,Indonesia (Borneo),2022,67.33472492537095,0.0829853450995226,3211.9605391157847,Low,9.819987377004464,217.98775117422082
Central America,Panama,2020,51.724479752622365,0.7274389011075668,10657.653955252597,Medium,8.712741541319842,163.74925205664158
Borneo,Malaysia (Borneo),2019,55.175955265923584,1.2299481994073331,26869.922499695316,High,7.066357533698446,158.7057077467964
Southeast Asia,Vietnam,2020,48.85260552794634,0.8996215880763268,26768.433576655418,Medium,7.887661807736563,143.22843401913443
Amazon,Suriname,2014,69.70657532617011,2.3309456550381378,15447.187140585047,Critical,5.345798180609776,213.3572995515468
Daintree,Papua New Guinea,2021,66.90780001012642,0.3351782719986066,16537.44361514322,Low,9.807191645723524,182.81227815945255
Atlantic Forest,Brazil (Atlantic),2014,62.177803684286104,0.33283161013437557,10866.93370698597,Low,8.817902165437722,206.4535842406317
West Africa,Ghana,2015,73.52095582998832,0.39719401531535536,11709.546823373901,Low,8.776386999181947,226.33594610611465
West Africa,Senegal,2017,54.015575913903895,1.291495550625705,34995.50279070717,High,7.979802784268761,163.54225310015104
Southeast Asia,Cambodia,2024,80.38803342952012,0.09431368469391327,2518.275173594383,Low,9.674884930652256,265.0140314691898
Daintree,Australia,2013,54.623827837819285,0.4368334833406836,3313.958228769558,Low,8.737563513396145,161.46921064923046
Congo Basin,Equatorial Guinea,2013,52.416641427619,1.4662474467688018,24626.122052133196,High,7.431847505070854,153.60150433980863
Congo Basin,CAR,2013,81.72436130584414,0.2466799765910176,2312.252733387786,Low,9.26254154820184,235.4805086374531
Madagascar,Mauritius,2020,77.28792171135768,1.2029148077808345,41372.61089698038,High,8.107881152107717,238.72510531259178
Madagascar,Madagascar,2018,73.09409967274314,1.1097587206337691,26753.212317285637,High,7.448622370242606,225.45130118485972
Central America,Costa Rica,2016,60.1483988419083,0.47608762087816026,944.3144119886258,Low,8.968027477331182,167.11951251552676
Madagascar,Madagascar,2010,81.5608109281297,0.36054903597220167,8691.839704263239,Low,9.751387760749962,241.12855324212111
Southeast Asia,Malaysia,2016,65.42671843674644,0.18674815493615637,8692.552934671781,Low,9.513373254540811,183.0881099398547
Mekong,Laos,2017,55.26515536280158,0.4878454969840085,18374.5664028715,Low,9.402335667071306,151.69809701209493
Amazon,Venezuela,2014,77.93439245020765,1.1904801809365049,8441.175855080352,High,7.586265834736488,199.20522071608605
Mekong,Thailand (Mekong),2022,63.62325984649904,0.13715214484766358,1355.1208282026657,Low,10.0,186.25157446586599
West Africa,Nigeria,2021,71.85274241497221,0.5870765041672963,4257.147014292706,Medium,9.610236293716833,181.51396192331643
Amazon,Ecuador,2021,53.754067159361206,0.3949051425590462,3504.146272627805,Low,8.546141583665033,152.00588775129341
Mekong,Laos,2013,60.888602813164255,0.2952849864337542,11121.827760103075,Low,9.670551867756497,170.41191552194056
Congo Basin,Gabon,2022,43.10270880234637,0.4752488022755007,13853.114092208834,Low,8.641300402398478,150.3460275523512
Daintree,Solomon Islands,2020,54.372075677914765,1.0681264066350655,6932.0401954639365,High,7.9595006561262345,142.8175309075515
Amazon,Colombia,2013,75.07235068011245,2.1484468932928413,54621.399988276935,Critical,5.737291528069448,209.99332434404786
Amazon,Colombia,2011,77.28681257215798,0.4544479639281891,11553.734043448963,Low,8.563410563597378,224.2299549326425
Congo Basin,Equatorial Guinea,2014,51.46859899169916,0.4679291898747573,7859.029092944485,Low,9.593383892015648,142.80292394504195
Mekong,Vietnam (Mekong),2018,80.68773916508222,1.4345741774534917,57337.20171603901,High,7.232503116877554,269.4483134436842
Mekong,Thailand (Mekong),2023,62.088761492798014,0.19032427100039884,1880.4837797585685,Low,9.477009940162912,163.49493701740167
Central America,Honduras,2024,66.67557356670984,1.3421575916357733,5358.993719176462,High,7.096629904606656,192.4386307204127
Daintree,Australia,2011,55.77776731857223,0.14404339190026272,1092.7591452861884,Low,9.781801701082593,173.97460693900484
Central America,Nicaragua,2021,57.013272436555845,0.19985630406089527,1808.5045117078987,Low,9.804249900635352,188.66348417050764
Congo Basin,Congo,2012,65.20041151962526,1.3210988068736018,57348.69994347134,High,7.295314493073663,187.99640344027173
Amazon,Bolivia,2022,55.69453746710886,0.7279119140577591,5030.714018064068,Medium,7.127916386496376,128.72162039125072
Amazon,Ecuador,2012,58.787579300022536,0.6656750897863613,5906.792880792338,Medium,8.67709517854852,173.36065346835753
Mekong,Vietnam (Mekong),2016,81.30438756524777,1.4138611636306815,56509.34194387044,High,6.451536641933749,270.95373221935756
West Africa,Ghana,2024,67.3838187304625,0.3966578924163099,11693.741559579905,Low,9.101957932342842,207.79520433999605
Daintree,Solomon Islands,2011,67.97198728359837,0.7793091891576103,5057.643543289602,Medium,7.7390994931499595,208.64431909799376
Borneo,Brunei,2022,70.25482884956138,0.17462153356273286,4650.207378277201,Low,8.942508115334801,189.5041267171442
West Africa,Ghana,2012,75.03402476765179,0.42932587279272394,12656.81560171765,Low,9.758909165388816,201.78864249718205
Amazon,Guyana,2016,59.601552478747706,1.2370796823891972,25025.887255823018,High,7.3657946447494105,179.1654904089251
West Africa,Ghana,2018,71.45081533763691,1.628454404004127,48007.9315351119,High,6.544760112080787,185.82486756728255
Central America,Belize,2015,51.95054922440149,1.4715833071258775,44274.09985554138,High,7.29809541016254,171.47889212045467
Madagascar,Madagascar,2023,68.30744345128676,0.7212349335141333,17386.978762309405,Medium,8.372234871435507,187.989405376533
Daintree,Solomon Islands,2012,66.3853033171836,1.1395994028033183,7395.89323687446,High,8.772704240457069,198.66276433692093
Atlantic Forest,Argentina,2021,55.540419408396765,0.012394747815347329,237.39825386465736,Low,9.838700624006295,128.90591985010548
Atlantic Forest,Paraguay,2016,78.38740889711758,0.6347161539801972,12358.09936091322,Medium,8.913130398031113,227.2861893224826
Daintree,Solomon Islands,2019,56.0274335293471,0.4530321114302449,2940.1359115946957,Low,9.57940644282794,144.36508964543725
Mekong,Cambodia,2018,66.75544827480793,0.5501483175094986,10369.868425085357,Medium,9.700829977784457,153.82721647758757
Amazon,Venezuela,2019,70.73804760633432,0.57091735791841,4048.126036937516,Medium,8.48716221633436,223.05098460572933
Central America,El Salvador,2020,61.11637199138323,1.877702884547976,5494.7122850398355,High,6.035612478984726,216.17230675598117
Congo Basin,Cameroon,2015,67.91514898674258,0.31681371080780274,11922.605907257419,Low,10.0,226.33491874710668
Borneo,Malaysia (Borneo),2014,58.75376732097679,0.572034270122629,12496.881179850747,Medium,9.260962611781089,189.89511576100645
Amazon,Guyana,2017,58.240725657318656,0.6895691325696343,13949.852715594194,Medium,9.158449702694961,166.43975361304507
Congo Basin,DRC,2010,72.27923603704328,0.13614374728923745,6137.244962503343,Low,9.04336023364169,232.95551268208635
Amazon,Ecuador,2011,59.64971613902657,0.14199418656931784,1259.9694103180636,Low,10.0,203.4262123885543
Congo Basin,Equatorial Guinea,2019,43.757788641269386,1.5390490598776416,25848.849780635876,High,6.541198108602313,134.00980251723402
West Africa,Nigeria,2016,76.42659203603493,0.28473395436823823,2064.7297159776635,Low,9.526678580334472,205.59257266186435
Daintree,Australia,2019,50.19637345192023,0.5623344573498186,4266.048673749952,Medium,8.801219646504478,140.60143438393325
Congo Basin,Equatorial Guinea,2023,37.94513994281024,1.0442123034363844,17537.899001585287,High,7.472333974853196,147.88934959538943
Central America,Nicaragua,2023,55.67975014522744,1.4262518736192078,12906.18757508022,High,6.441228371051083,165.54436707267897
Borneo,Indonesia (Borneo),2014,72.95646365468113,0.13887227391948875,5375.072710389224,Low,8.850331393844574,152.37427656582145
Borneo,Brunei,2011,82.10975173397105,0.1511572098800963,4025.3476093296235,Low,9.757194783266796,216.95078592850928
Amazon,Ecuador,2019,54.79655640946369,0.7260348208854345,6442.388151537664,Medium,7.785270813112403,155.90069516554146
Amazon,Brazil,2020,58.632351710027535,0.06628214139454658,3010.344860223642,Low,9.300527919667466,196.61355989843395
Central America,Belize,2020,45.004413493174525,0.12537001648957502,3771.8861053073356,Low,9.64024202792174,129.55079343138533
Amazon,Suriname,2015,70.34131093974426,1.2036740703890927,7976.753375344496,High,6.273247609091865,232.11256591869798
Southeast Asia,Myanmar,2021,71.63282535035458,0.9857048806268948,46379.16333019823,Medium,8.41808009476821,204.37522898011395
Madagascar,Madagascar,2024,67.1563526312108,1.5489271090544843,37340.347088121016,High,5.6972016983376275,162.18320744892011
Congo Basin,Equatorial Guinea,2024,36.78152201488044,0.5020712098923965,8432.455872928731,Medium,8.957171384548822,100.51334287267962
Southeast Asia,Malaysia,2020,61.702080682556996,0.09803001047150661,4562.995845936569,Low,9.811449592354132,192.00514207859666
Borneo,Malaysia (Borneo),2020,54.889285833448604,0.7249436498155624,15837.398433996425,Medium,8.819143560459779,169.9068644871721
Central America,Nicaragua,2015,59.151113240874295,0.2404966798194932,2176.2602513243683,Low,9.498166239166066,152.3511847374902
Amazon,Suriname,2023,65.45877984923955,1.0133499497237197,6715.474587942992,High,8.98225408246918,189.35241551164333
Central America,Belize,2019,46.22301667557066,1.4797016697810657,44518.34915975597,High,7.148755101222119,192.36253478799344
Southeast Asia,Indonesia,2010,75.67607785261586,0.0333136222181214,199.46002144193972,Low,10.0,202.36285703191004
Southeast Asia,Thailand,2024,57.347986091888856,0.5308735521816265,6838.211252809635,Medium,8.576521491201603,185.25842616494154
Southeast Asia,Philippines,2017,64.95651120788307,1.6644949520648933,31753.184601841804,High,6.7313884989649475,152.9360196522533
Amazon,Peru,2024,52.5309595325481,1.9394172600151995,18415.360674146537,High,6.894950527484064,174.86871508903755
Southeast Asia,Vietnam,2021,47.55168920918902,1.0966410008483232,32630.788520111248,High,7.6878704359585335,124.80855982379813
West Africa,Ghana,2016,72.8973747643667,0.9747433385548874,28736.089476368805,Medium,8.14663070498784,226.7338894571589
Central America,Costa Rica,2022,56.03719299605169,0.18298922774792947,362.9570638327127,Low,10.0,142.28106695279104
Central America,Belize,2013,55.2874535883343,0.7873675203662728,23688.76301525245,Medium,8.054150199171637,171.67941676853704
Amazon,Ecuador,2016,56.592317876152784,0.9454566726199986,8389.403221805582,Medium,7.028306488100405,151.6039477136296
Central America,Panama,2018,52.2831820536312,0.3317038731511634,4859.769102641587,Low,9.464379080553858,142.54858250156113
West Africa,Liberia,2022,59.2413852807338,0.02417899635547016,412.18830330753053,Low,10.0,186.56387597010203
Atlantic Forest,Uruguay,2016,64.03716953677333,0.525038138781484,1468.7820867224143,Medium,8.274200839991046,183.50379908237966
Daintree,Australia,2017,51.397469956163114,0.8901838040410339,6753.2184574286875,Medium,8.554742340556603,161.80003883281557
Borneo,Indonesia (Borneo),2010,75.17200322803934,1.0583068106569304,40961.92779617779,High,8.221869572355908,221.699183311251
Atlantic Forest,Uruguay,2021,58.62377089498657,0.9635540582938092,2695.5202600998978,Medium,6.936143753854729,177.22118630990522
Borneo,Malaysia (Borneo),2023,52.81241258554503,0.6181594601814215,13504.549862776325,Medium,8.295536763433772,167.33896718370312
Southeast Asia,Indonesia,2011,75.47670221134939,0.11295109476712278,676.2767385855086,Low,9.576183420099923,219.42973754222535
Mekong,Cambodia,2015,68.54733579450019,0.23483496182028885,4426.456608484119,Low,9.440518076241805,185.72101166346508
Madagascar,Mauritius,2012,82.62062806702896,0.6683764332243877,22987.89401014867,Medium,8.291680001167231,237.21563888249108
Southeast Asia,Indonesia,2018,71.99588986740385,0.36834954319312463,2205.434380637954,Low,8.86479951182266,239.89045319888027
Amazon,Brazil,2017,61.46922134723588,0.5724425440030625,25998.69940615327,Medium,9.690856357584922,186.73112572323865
Mekong,Vietnam (Mekong),2020,79.93982758389873,1.2304001762194399,49176.755168263924,High,7.485420081631666,222.92151368348672
Amazon,Guyana,2021,52.632589358568495,0.7433009365358474,15036.836914957497,Medium,8.165876296853435,165.92898024345985
West Africa,Côte d'Ivoire,2018,54.82911500192313,0.7127187838510787,31976.22448777902,Medium,8.553977693841567,173.85365670455212
Madagascar,Seychelles,2022,61.53458264006289,1.1700501626866981,33090.6353265811,High,7.928445091157175,195.00372943614485
Southeast Asia,Cambodia,2016,83.29819047031573,0.15091628484773967,4029.6244882868864,Low,9.723980618660125,230.3378274035215
West Africa,Côte d'Ivoire,2024,47.54661608329119,1.4709851501806734,65995.94741450614,High,6.955165904224666,128.9920283641557
Amazon,Brazil,2012,66.5912333902577,0.38796571844620953,17620.29080375503,Low,8.899060228772354,186.23711584303285
West Africa,Senegal,2015,55.58554493332052,1.2108791042646998,32811.04844068125,High,7.247176368736801,159.5436765586377
West Africa,Liberia,2017,62.57091413960007,1.0875592267901237,18540.024815200984,High,7.5259773531770735,198.4911261216749
Madagascar,Seychelles,2017,68.03854981616526,0.3310414624020448,9362.309975813745,Low,9.507324375601279,210.03934554311607
Atlantic Forest,Brazil (Atlantic),2012,63.22122747737351,0.9023203239313087,29460.70879105755,Medium,7.698269305936488,197.1680215752638
Borneo,Indonesia (Borneo),2024,66.50518893386376,0.7610197366773483,29455.385896924952,Medium,8.674595138380413,226.59594964902175
Central America,El Salvador,2014,67.84057596583976,0.5242493259954738,1534.1081039371345,Medium,9.657998725822468,217.2995465473519
Madagascar,Seychelles,2011,77.15945159816249,0.42450259997169504,12005.52008692831,Low,9.31384847896321,228.64232229456573
West Africa,Senegal,2010,59.876622919224474,0.43128540022576667,11686.489682352976,Low,8.952636435089898,155.95216523662344
Southeast Asia,Vietnam,2019,50.16585382844905,1.1501515405151963,34223.00612105454,High,7.050633476442292,136.20662131592974
Borneo,Malaysia (Borneo),2015,58.01308968954168,0.962328411033208,21023.39743753201,Medium,8.864396581889341,168.8051677150605
West Africa,Côte d'Ivoire,2023,48.83563575432603,0.5243830802125319,23526.51770992548,Medium,8.36622501427548,163.08950380970035
Madagascar,Mauritius,2016,79.76590392957782,0.6935489171770999,23853.66719470805,Medium,9.037183182883675,238.75107310661159
West Africa,Senegal,2018,53.566020116090236,0.8955547312668948,24266.741052338744,Medium,8.528149467763454,147.57414125050187
Amazon,Ecuador,2014,57.513718780310136,1.0788908953422236,9573.416757722407,High,7.723833907833523,157.88329862638588
Congo Basin,Congo,2023,49.89960626625421,2.340328068357576,101593.28845292321,Critical,5.187854461394509,148.3072546203381
Mekong,Cambodia,2014,68.73922438506318,1.3603464504840304,25641.47386274199,High,6.361451462011429,224.01742439953154
West Africa,Benin,2016,76.15161398965847,1.0193411103323742,5103.017888249068,High,8.126350279741562,260.27522808447776
West Africa,Côte d'Ivoire,2014,59.507351699833485,0.5627435192149142,25247.563986217014,Medium,9.184476127768075,174.4066831389071
Daintree,Papua New Guinea,2020,67.5984280575579,1.9491000229319853,96167.12783114432,High,5.557259896062126,201.9004205574217
Daintree,Papua New Guinea,2017,69.95878429355378,0.9988390855213098,49281.96854442446,Medium,7.924411091792829,185.59751875751368
Congo Basin,DRC,2023,65.12664923456484,0.7629217282985672,34391.86614892648,Medium,8.49308750090734,234.16379908568382
West Africa,Benin,2015,77.6115059431582,1.2201829271321887,6108.470698352752,High,7.851920459710407,204.81446106635295
Southeast Asia,Indonesia,2013,75.04061043333071,0.002097444007357563,12.558112832690915,Low,9.99770665004688,248.55507753560312
Madagascar,Mauritius,2013,81.51471985197396,0.8824719973019648,30351.418351238135,Medium,7.421896328415279,237.23744049567247
Amazon,Venezuela,2020,69.02397064926937,0.2996255688064716,2124.5142569146233,Low,9.135779977655814,195.08458207100176
Borneo,Indonesia (Borneo),2016,71.07048024903744,0.48430121135162035,18744.95283524858,Low,9.14371046999127,191.01136930939379
Atlantic Forest,Paraguay,2015,79.59609221611753,1.1627636125560854,22639.32967061498,High,8.09523694590771,286.9892496364953
Central America,El Salvador,2016,66.00854024659971,0.24137048199374522,706.3211989346719,Low,9.208440731315386,202.45545320536704
Central America,Panama,2010,56.10406728874823,1.5303859790415506,22421.572667837685,High,8.033052979191908,168.737810608326
Atlantic Forest,Uruguay,2020,59.497908559258526,0.16175043113156534,452.4931013907691,Low,8.729262603318386,196.22837286886644
Congo Basin,Equatorial Guinea,2011,55.20131160901762,0.7085302665203259,11900.005595516148,Medium,8.3010893794304,152.58728031445358
Southeast Asia,Philippines,2019,62.92439350994348,0.6204063682199545,11835.348562522058,Medium,8.717670461813704,188.81009963445055
West Africa,Benin,2012,80.4765986602971,1.0758698326971126,5386.011557888337,High,7.747885752829342,242.55652171713373
Amazon,Bolivia,2010,61.127493383983534,1.6572031487572623,11453.192275365816,High,6.069522537578059,173.13956550498793
Central America,Costa Rica,2023,54.95725074220423,0.0882867606254823,175.11579127525548,Low,10.0,188.86451381033098
West Africa,Benin,2010,83.01524566248261,0.38817870920767994,1943.2973681188255,Low,9.4091896072416,244.67264875752974
Southeast Asia,Philippines,2011,71.16140831116346,0.7223864517941668,13780.79899205089,Medium,8.57920781940244,182.4215838661138
Atlantic Forest,Paraguay,2011,82.93961707913391,1.6638485159933942,32395.591562013247,High,6.83822489964247,242.78890396698426
Atlantic Forest,Paraguay,2023,73.21635639183117,0.6598852523847247,12848.148679742213,Medium,8.468341289506535,224.63264260977147
West Africa,Togo,2013,70.4117648823673,0.38504654498267366,2407.0909665586837,Low,8.42122543498037,193.36542996934972
Southeast Asia,Thailand,2017,63.9493245080378,0.1366483533507874,1760.1749111840616,Low,9.368383358272304,175.55607766070463
Mekong,Vietnam (Mekong),2024,78.1057137493559,0.15627505962455657,6246.016941964449,Low,9.765977171455607,223.39196048554686
Southeast Asia,Philippines,2021,60.03937593897651,0.15374837328719637,2933.022099685464,Low,9.773875460848807,204.54284101826875
Amazon,Guyana,2010,67.54169547212125,1.1752965021310218,23776.02524171159,High,7.67009652203088,192.88192596344962
Central America,El Salvador,2021,60.45193816240393,0.9712455579246941,2842.1508763905995,Medium,8.331863018143126,209.9381548582324
Congo Basin,Gabon,2011,56.17817887496294,0.7709764022957083,22473.33188903383,Medium,8.167474172683576,156.2355278619221
Borneo,Malaysia (Borneo),2022,53.41954211474734,0.8590793598429165,18767.778863524552,Medium,8.295181808869435,166.75890906937283
West Africa,Senegal,2013,57.706608955129994,1.6657566079649972,45136.81057161649,High,6.954533173272466,164.19497338099495
Southeast Asia,Myanmar,2015,74.98566244400008,1.8448738519443901,86804.58764546593,High,6.267807386860043,240.03865073780972
Congo Basin,Cameroon,2018,65.87644017434776,0.1007244398240914,3790.548705073056,Low,9.176889156148768,175.2638374317377
Amazon,Bolivia,2019,57.39774453038872,1.4332388727816048,9905.339848530957,High,6.652778069609022,187.05042318271077
Madagascar,Seychelles,2019,65.93120723854788,0.041601756007243196,1176.5551434308086,Low,10.0,200.07100972183736
Congo Basin,DRC,2021,65.80845810058945,0.6448932081688487,29071.240302930662,Medium,9.406449665133588,184.62553796621938
Amazon,Colombia,2024,61.460814364509055,0.16860970801672714,4286.677195624272,Low,10.0,181.05801339932415
Amazon,Bolivia,2020,56.818191082333335,2.271401218769821,15698.011986387743,Critical,5.573275537331376,201.1316720676435
Daintree,Australia,2012,55.78935156989098,0.2631862181360817,1996.614651928121,Low,8.87206126271949,170.12494480728859
West Africa,Togo,2018,65.32211283952725,0.6011592182587698,3758.103903514519,Medium,8.794505785096025,181.91177820032897
Southeast Asia,Cambodia,2021,82.06819983543711,0.0503499099710617,1344.3958709103426,Low,10.0,222.1107338497491
Borneo,Indonesia (Borneo),2021,68.13449121412398,1.9890524777891159,76986.58192271431,High,6.331139234650006,214.5115591109919
Congo Basin,Congo,2010,68.34604058770671,2.0092917168715285,87223.05036552237,Critical,5.877677804915007,208.95502670333383
Amazon,Ecuador,2017,55.9888495005547,1.8047433450103523,16014.186658818417,High,6.704825926399904,181.86696240342857
Congo Basin,CAR,2010,83.91058625601076,1.2651522786780975,11858.894487310969,High,6.834997839336002,222.48726397423542
Congo Basin,Cameroon,2024,62.190973719729904,0.00016836245275797523,6.335960551373794,Low,9.651827586170382,163.12771210135972
Amazon,Peru,2023,53.26727087179026,1.1622800767699344,11036.205183574226,High,7.133344150948969,182.73939660040878
Central America,Costa Rica,2018,57.99674604599629,0.4943657608602116,980.5688959375244,Low,9.246054387453793,180.6170710735757
Congo Basin,Gabon,2023,42.04153826716987,1.5499268973941056,45179.10206481052,High,7.2571979550718355,136.79263182626084
Southeast Asia,Malaysia,2024,59.567464994293715,1.392721642692289,64826.914121344584,High,7.137643701016239,159.44865434072207
Madagascar,Seychelles,2018,67.09460836566738,0.019412462460739577,549.0112617088578,Low,9.524710236708739,181.6640811304238
Madagascar,Comoros,2016,73.12541271714605,1.2582606422697729,9845.048454653903,High,7.47360416869314,239.2014113152799
Congo Basin,Congo,2011,67.25655190963148,1.045627560035141,45390.5346678711,High,7.665454934592814,222.53720882419742
Madagascar,Mauritius,2015,80.16480440307964,1.7188502903307588,59117.506736165116,High,6.164214066991609,218.72802346865788
Mekong,Cambodia,2020,64.90586878655016,1.1407493117035699,21502.238381685976,High,7.887998219247483,169.13019644259356
Congo Basin,Congo,2015,61.884071619993044,0.15456336908783502,6709.572539125261,Low,9.311877150564992,183.48035544573025
Mekong,Laos,2011,63.517434738441494,0.2088339634653389,7865.673768829506,Low,8.799157206587276,174.56533514780435
Amazon,Brazil,2016,62.218066050501704,0.17460848343499413,7930.21679144522,Low,8.978725797948417,170.2506605705846
West Africa,Benin,2023,68.75653818576009,0.39180568349437483,1961.454699828118,Low,8.414758399603274,181.24204962873242
Daintree,Australia,2010,56.55203460057364,0.8840476640693467,6706.667741131614,Medium,8.355660630149409,160.28742683611358
Amazon,Bolivia,2023,56.149704805670176,0.5923696177537443,4093.9598354651353,Medium,8.890463483580595,145.3552195643532
Mekong,Thailand (Mekong),2012,77.63823638933047,0.6518782689699715,6440.831244127323,Medium,8.746503509314138,211.0066911078067
Borneo,Brunei,2017,75.5810224792522,0.9614064529544577,25602.45171278385,Medium,8.371052920331056,232.7109043690827
Congo Basin,Congo,2020,53.98946599937148,1.9894446269357053,86361.49118496857,High,6.6170901741871475,160.86443331236688
Southeast Asia,Philippines,2016,65.39159653931915,0.36135213538010413,6893.430975419888,Low,8.981162463827236,205.8723632486001
Southeast Asia,Malaysia,2019,62.36655122615778,0.22031025057775705,10254.76538631752,Low,9.762618237463695,154.1189849714872
Southeast Asia,Indonesia,2020,69.99317842716522,0.7093303781571833,4247.0029680437865,Medium,7.791531489982695,210.17714747809092
Southeast Asia,Cambodia,2010,86.06561643802173,1.4179274641532849,37860.16358626376,High,7.853499944825106,299.709600157382
West Africa,Côte d'Ivoire,2011,62.8840605199164,0.2566208950625488,11513.331112779291,Low,8.864342590765824,181.20673187403722
Congo Basin,DRC,2022,65.60163392717861,1.4589130975928408,65766.568330969,High,6.727133245294099,213.2998819129818
Mekong,Cambodia,2010,70.87958142824016,1.0498898531811678,19789.608168951494,High,7.601365536771119,228.95888126020895
Mekong,Laos,2022,50.1743360827539,0.5026785544975088,18933.24943248724,Medium,8.231507392643877,167.82698040828723
Borneo,Malaysia (Borneo),2011,60.65894704176422,0.7789154754673766,17016.487742904006,Medium,8.458456837769527,185.3100748664391
Central America,El Salvador,2019,62.813471205037935,0.6286595984703003,1839.6433467984643,Medium,8.84963273716014,199.76213326999806
Borneo,Indonesia (Borneo),2015,72.31290213682111,0.4395764214133735,17013.872965307568,Low,9.026140321682478,230.91897881072344
Amazon,Colombia,2021,64.58053271914306,0.07777850860324853,1977.4149606269127,Low,9.074319166777965,206.45051872371636
Madagascar,Mauritius,2024,74.88983149410305,1.1171511935326595,38422.888590415394,High,8.757390730360537,202.32113101204126
Amazon,Suriname,2013,70.83842812198917,1.0167718730458315,6738.151688896909,High,8.24107165215916,178.3675947150878
Central America,Guatemala,2016,75.14414045661641,0.6362386897299154,6630.982645167624,Medium,10.0,194.3607505015531
Amazon,Venezuela,2021,68.19993709681462,1.3263711577222446,9404.719516315188,High,6.944703064612364,199.1966114427906
Southeast Asia,Vietnam,2014,54.07723753340381,0.3440438332568333,10237.098153331654,Low,9.790853447574822,174.1102472886643
Daintree,Australia,2020,49.62578173655996,0.2049358163259678,1554.7085120152844,Low,9.979765311045147,126.78911965944818
West Africa,Liberia,2014,64.00738589314025,0.821417026046859,14003.000178192828,Medium,8.211878396357601,210.50156685110883
Southeast Asia,Malaysia,2012,67.86512837493825,0.34631115782284794,16119.720552375582,Low,10.0,193.54988163465703
Southeast Asia,Indonesia,2012,74.68070331522104,1.6123998249925975,9653.987835974787,High,6.572495346207916,214.18700572178156
Atlantic Forest,Brazil (Atlantic),2016,60.75673612033942,0.3891304097075481,12705.086406777773,Low,9.0412934708726,165.54806844342625
West Africa,Ghana,2011,76.0399041031211,0.45868467586793205,13522.33287043686,Low,7.346915702294944,190.42398512903782
Amazon,Peru,2019,55.85390359676272,0.6645490999685474,6310.097168829132,Medium,8.875415826934223,172.14799335898113
Madagascar,Seychelles,2015,71.2132909672829,0.1972367585228323,5578.128064432069,Low,8.942771527113132,247.8932271586201
West Africa,Nigeria,2015,76.78886109817454,1.797026130365969,13031.017884703864,High,6.130587141420307,229.1132928238723
West Africa,Nigeria,2020,72.69938102281746,0.3712760735606457,2692.284253955789,Low,8.744338033506196,181.08551023455536
Amazon,Venezuela,2016,76.03069842528144,1.2201415895299732,8651.491969582901,High,7.376601051280923,243.69895150817325
Atlantic Forest,Uruguay,2017,63.091310674806614,1.122487348900814,3140.1324758318515,High,7.97696541730709,156.77797222236003
Central America,Nicaragua,2018,57.83382612658529,0.7838227857361597,7092.831277172914,Medium,8.43792521005206,149.3207904399722
West Africa,Nigeria,2022,71.32389347897531,0.3782898866793789,2743.144462745057,Low,9.598240871894147,209.2049169906545
Madagascar,Comoros,2015,73.3515876620273,0.816247569966787,6386.591622877442,Medium,9.000319627859241,222.51163175688586
West Africa,Ghana,2013,74.6077716066391,0.041249742766209574,1216.0701716252338,Low,9.733102546128663,203.65003479658077
West Africa,Togo,2016,67.44054311097486,0.7827863247589335,4893.53278356955,Medium,8.195143729474077,196.77530820160496
Amazon,Peru,2013,59.9285861306695,0.5972040091213724,5670.634912226253,Medium,9.284455808588259,194.0890064072222
Mekong,Vietnam (Mekong),2022,78.59611802552229,0.2811002170266974,11235.041100971313,Low,9.95632321031657,252.83193177272722
Central America,Panama,2019,51.93732347773882,0.2139646714855229,3134.780699616183,Low,9.942366091080478,180.84109886950176
Amazon,Ecuador,2018,55.06431158347309,0.7840179635372131,6956.895032561875,Medium,7.955874669555899,203.38130779628915
Amazon,Bolivia,2011,60.41172181904902,0.3231095237691986,2233.060867948279,Low,9.565108485212406,197.4329518903694
Southeast Asia,Philippines,2015,67.01400610347171,0.17222514452570326,3285.4991842536588,Low,9.710285012972237,196.70728802233032
Borneo,Malaysia (Borneo),2021,53.688760141555704,0.23826415178146654,5205.210508791023,Low,10.0,178.25255624712656
Congo Basin,Gabon,2012,54.69640716012671,0.2569353216110273,7489.454592107695,Low,9.199693312009071,173.42354616048377
Borneo,Malaysia (Borneo),2018,56.03672710766756,1.754483835774568,38329.13021617269,High,5.657727182875906,178.23752087352776
Madagascar,Comoros,2014,74.37066321639958,0.07913757423043294,619.1986196730609,Low,10.0,226.65636535063246
Southeast Asia,Indonesia,2023,68.28313268765932,0.48878436939392905,2926.518772454755,Low,7.74324706958359,186.60831601989983
Borneo,Indonesia (Borneo),2013,72.05427674564145,0.581315430151608,22499.903087549184,Medium,8.471612437748618,195.60090208048572
Daintree,Solomon Islands,2015,61.70855027054346,0.4048211131935544,2627.2510549296344,Low,8.678760017953744,183.18328679012754
Atlantic Forest,Paraguay,2018,77.32697368261697,0.9102659870741563,17723.130950079994,Medium,7.664500690398814,234.95912256477834
West Africa,Côte d'Ivoire,2022,50.06599953060824,0.32131258778858474,14415.732643330752,Low,8.982859088945283,136.60918013319048
Borneo,Malaysia (Borneo),2017,57.12478805485384,0.6976619022450425,15241.390859669837,Medium,9.21336298038573,179.84120313673301
Central America,Belize,2024,39.69127145460374,0.5698648463323274,17144.970990434074,Medium,9.27054801683853,160.68913244459503
Congo Basin,CAR,2021,76.40138628593236,1.0619252553208522,9953.947653968498,High,7.750284148362042,194.31754447223193
Mekong,Laos,2014,59.75971610793969,0.5773999159672931,21747.60895107991,Medium,9.412011903994939,190.92403787509429
West Africa,Senegal,2012,58.71996561145103,0.4123605668246372,11173.685701122045,Low,8.644130288767538,174.8404044165369
Congo Basin,Cameroon,2023,62.68396395758878,0.016790180059898296,631.862489333681,Low,9.367277947006624,197.06500297945945
Southeast Asia,Thailand,2018,63.42620607364786,1.2076854318901544,15556.26208212401,High,8.016427465842986,181.66432421173778
Madagascar,Seychelles,2016,70.03751105281016,0.23534411097657337,6655.856646950881,Low,9.819133392708178,207.19133545748716
Central America,Belize,2010,59.3133598916159,0.3883196138368167,11682.995638524097,Low,8.993229071534705,180.53008869500968
Amazon,Bolivia,2024,55.71966648670795,0.9536444139104825,6590.786918933818,Medium,7.52498072532997,161.12632178941863
Central America,Costa Rica,2019,57.79956911135451,0.5665258485229241,1123.6976137659192,Medium,9.59681424047312,142.98788098666554
West Africa,Togo,2024,60.02643770110624,2.431832798926905,15202.42900177555,Critical,4.276283126672281,175.40101249042965
Amazon,Guyana,2024,48.92465410609593,0.5639947044473147,11409.505860705887,Medium,8.57279762343359,118.4452897543639
Amazon,Suriname,2019,67.90784478424533,0.7783248930599085,5157.962500449431,Medium,8.557638477639133,216.78739656434217
Southeast Asia,Philippines,2024,57.176866922505674,0.1467358596187096,2799.24600095824,Low,10.0,134.2196987459546
Amazon,Guyana,2012,64.99795427859435,0.24778812460676297,5012.706746395132,Low,9.695973856823084,215.56695042490085
Atlantic Forest,Argentina,2018,56.9373851628616,0.1585943064941167,3037.5778511573176,Low,9.922963713518417,179.4034154926544
Amazon,Ecuador,2024,51.76791233840811,0.06653200986508662,590.3642906962673,Low,9.582244130195763,163.97150932990223
Borneo,Indonesia (Borneo),2019,69.07580782359132,1.0063694012078612,38951.68237930033,High,8.271501310221577,163.94122611381715
Central America,Nicaragua,2019,57.73795867398991,0.14033916941977503,1269.9325260596704,Low,9.771976321599993,166.6418872601386
Central America,El Salvador,2013,69.35965886329006,1.3140009832673452,3845.154313139167,High,6.577765763256531,231.15024516306738
Madagascar,Mauritius,2017,79.22674771366815,2.630545880095859,90474.03061288908,Critical,5.135375666554836,227.30808356039856
Madagascar,Comoros,2010,76.90206776322883,0.2635670078827607,2062.235658085212,Low,9.958062679157905,209.1449602904122
Madagascar,Mauritius,2023,75.47423581595103,0.6218524108612994,21387.763841212254,Medium,9.157977702687983,213.68930554773885
Amazon,Brazil,2021,58.20662079012056,0.803585645732406,36496.556500497674,Medium,8.409492671368088,173.2543099175749
West Africa,Nigeria,2017,74.91762349022746,1.9492038500748134,14134.524702813156,High,5.6235038582755505,207.72546146442616
Amazon,Colombia,2023,62.56490247731123,0.4338817719694488,11030.866012258155,Low,7.97764459041867,212.37105207371954
Amazon,Colombia,2022,63.8315021785495,0.16321353572669017,4149.486704213978,Low,9.752099731247345,190.2011559358407
Congo Basin,CAR,2012,82.60454697904024,0.5130724045005635,4809.279967215104,Medium,9.514826220869297,236.70225397816213
Central America,Guatemala,2018,73.90517556111746,0.45361284205421265,4727.626489617451,Low,9.590540550433115,195.6886561466408
Atlantic Forest,Paraguay,2021,74.93293971203354,0.14129582475689417,2751.068852869245,Low,10.0,234.4877512416794
West Africa,Liberia,2016,63.014434272364674,2.1080074314400012,35935.983187670405,Critical,5.746879647845303,198.27662871132128
Congo Basin,CAR,2023,75.75421254533221,1.9158899365415731,17958.578575605865,High,6.711952213932602,211.4184595123028
Mekong,Cambodia,2013,69.36404156768488,0.32749826233887847,6173.08784160668,Low,9.807084387250196,163.36554413677172
Mekong,Cambodia,2022,64.71745804254104,0.06860808283934283,1293.2090661697937,Low,9.651467053960536,202.3676179191408
Congo Basin,CAR,2022,76.29810798886258,0.5590160863095089,5239.93269109128,Medium,9.220266835688907,225.15825614136773
Mekong,Laos,2021,51.11155537511566,1.6177811380470102,60933.281397762345,High,6.496458151201334,160.05608948386038
Mekong,Thailand (Mekong),2013,75.86988771315272,0.5456105090968411,5390.86111839238,Medium,9.178791097614779,266.7531538122509
Southeast Asia,Vietnam,2012,56.20581813166247,0.017792510390437277,529.419968196631,Low,9.314856657068592,168.0808175208062
Atlantic Forest,Argentina,2020,56.06859750194591,0.45289455207782026,8674.349607578344,Low,8.483104991507899,157.92902016898228
Atlantic Forest,Argentina,2012,60.299885583156176,0.0027878911168374154,53.39684945283783,Low,10.0,157.95321739650174
Amazon,Peru,2010,61.408446094803594,0.9819817675515857,9324.2175357131,Medium,8.50481652599921,177.9769024545098
Amazon,Brazil,2013,65.47051526436142,0.06722696933176409,3053.2562367235037,Low,10.0,199.62309278539712
West Africa,Ghana,2014,73.83866661071426,0.09165115805842639,2701.937807017348,Low,9.860682094409562,222.58214824411797
Southeast Asia,Vietnam,2011,56.554694562583364,1.429547050764877,42536.479537946114,High,5.945268682958171,204.13339048909216
Daintree,Solomon Islands,2023,50.42828700918286,0.11469195785125774,744.3400490640709,Low,9.73317811519424,161.26657233686743
Central America,Nicaragua,2013,60.42375524704576,0.6569024260481298,5944.325883750585,Medium,8.91328673149866,178.5752483109931
Mekong,Cambodia,2023,64.04679168322508,0.5759950010850436,10857.058332557155,Medium,8.580643374050117,178.0091634730058
Madagascar,Madagascar,2022,69.5409079114225,0.21162127663632324,5101.603474197847,Low,9.220510350323234,213.9561790099339
Mekong,Cambodia,2012,69.87431434077762,0.909132400743963,17136.43953211599,Medium,8.90394539258892,191.48277985467968
Central America,Belize,2023,41.36013751203173,0.7539775477848721,22684.191290984945,Medium,8.461900408734449,127.67703412685331
West Africa,Ghana,2022,68.00484944660981,0.4744652042853104,13987.553466105112,Low,9.278467176250569,213.76282687792627
West Africa,Côte d'Ivoire,2019,53.650754606687485,0.45116525962400345,20241.590301398093,Low,9.484735211561675,156.6232193646335
Borneo,Brunei,2016,77.24471591918238,0.08868675945826798,2361.746657322615,Low,9.321907942830926,219.1284188762443
Amazon,Brazil,2019,59.355523782449694,0.5666776567945944,25736.874754555505,Medium,8.96324839776791,134.36063440065095
Southeast Asia,Thailand,2019,62.085218498097795,1.2050278251462148,15522.029304342432,High,8.24976659694622,209.1323900227012
Amazon,Peru,2017,56.666085611295145,0.27875739311958103,2646.8867946662017,Low,10.0,178.0642646387911
Southeast Asia,Indonesia,2021,69.71740293012971,0.4956820989107725,2967.81783229046,Low,9.028604000785801,217.70455442208478
Mekong,Laos,2015,58.54810090681004,1.3307110045876893,50120.86381445035,High,7.219606217151084,144.4172560048841
Central America,Honduras,2020,71.82097570713243,0.9043392745733594,3610.863972044204,Medium,8.325833484922049,243.05970111619843
Daintree,Papua New Guinea,2024,65.13137162515615,1.5475783170805704,76356.34913364719,High,7.02666188935262,186.08977754310686
Central America,Nicaragua,2022,56.493473771812575,0.04548613613253233,411.60514201633373,Low,10.0,163.704515261448
West Africa,Ghana,2020,69.8414110130374,0.9646147587158929,28437.49212770326,Medium,7.572574637984681,188.1384959307357
Central America,Panama,2016,53.06998152658714,0.6605214431645496,9677.251189829982,Medium,8.53902057058789,123.47102995296444
Congo Basin,Equatorial Guinea,2018,45.280128645511006,0.7900566520211881,13269.26882883864,Medium,7.861316032519369,158.98731217100436
Southeast Asia,Malaysia,2022,60.98070920762634,1.5947375635781402,74230.13465943806,High,6.3044774299449315,208.6740750108315
Amazon,Guyana,2013,63.13296706311914,1.4505165877655872,29343.67535486063,High,7.287253832038388,186.08833816229088
Central America,Guatemala,2017,75.31507501617673,0.9293948984099691,9686.304120360794,Medium,8.546139123998575,212.3575336524032
West Africa,Senegal,2011,59.7946934739994,1.112312171336347,30140.191870796472,High,7.4506798104554335,171.84319703931305
Central America,Nicaragua,2020,57.0311147367532,0.3465428334346886,3135.8744509540875,Low,9.692961727618266,164.10104440954865
Southeast Asia,Myanmar,2024,70.47118119396583,0.47529168905537333,22363.31716463198,Low,9.605205950455238,187.41634913830552
Congo Basin,Gabon,2014,52.369253916911134,0.5941769739047281,17319.77307686928,Medium,9.778999051407238,151.26265744185656
Central America,Costa Rica,2010,64.44577494736838,1.2860587709022218,2550.8830281855726,High,7.462755882616081,196.39936470079164
West Africa,Togo,2015,68.14720878163732,1.0250886958628387,6408.26874538997,High,7.6299403445522564,224.804771297887
Congo Basin,Cameroon,2013,69.49398297803009,1.1670458713274918,43919.27345584705,High,7.164672291542069,208.7668322143645
Amazon,Ecuador,2010,60.247177122960835,0.1577954503625984,1400.180143622844,Low,9.133512500314858,149.21449719089378
Madagascar,Seychelles,2013,74.30840967967923,0.287562529585261,8132.665678405652,Low,10.0,229.99618630301123
Madagascar,Comoros,2012,75.55733091707016,0.8867403904916826,6938.150823299466,Medium,7.468971547538809,221.55338151781544
Southeast Asia,Myanmar,2017,73.84728712225859,0.06279408439299639,2954.5730709792415,Low,10.0,248.95005524645308
Amazon,Bolivia,2018,57.8748056949395,0.08742634405359817,604.217249483884,Low,9.390926797266728,202.21357312569864
Madagascar,Seychelles,2012,75.78432498582377,0.7383857891019613,20882.570386040246,Medium,8.180625322866375,256.6420612028173
Congo Basin,Gabon,2018,48.02937314873967,1.1087237945255262,32318.392279514,High,7.706774683443958,132.85636073875344
Southeast Asia,Myanmar,2011,76.54603091588632,0.34037706133647294,16015.344584209874,Low,8.967418602543798,269.4351942144101
Southeast Asia,Malaysia,2021,61.69162517493171,0.4305515688429111,20040.852904557305,Low,9.604886739793965,192.09372562270926
Amazon,Ecuador,2023,52.329818675390385,0.088643132034264,786.5648411136527,Low,10.0,189.5170641395438
Central America,Honduras,2011,84.26717869197172,0.6629376679144786,2646.990801005197,Medium,8.345408585394473,242.74914379927998
Amazon,Suriname,2022,66.05042363742504,0.6532167710927719,4328.870424168537,Medium,8.477447538232143,192.17933616008258
Congo Basin,DRC,2015,69.8493588524617,0.6929905101242785,31239.42598911457,Medium,8.532358576109493,215.02862361082683
Central America,Costa Rica,2020,56.5868878751324,0.917036232476605,1818.9309964541758,Medium,8.436455916793108,172.798215817676
Southeast Asia,Philippines,2014,67.7757516254456,0.50464844683396,9627.06151284666,Medium,8.91396096685415,228.42349374572018
Southeast Asia,Malaysia,2023,60.18458041858559,0.7120448358722495,33143.499756638616,Medium,9.269539033781797,175.91115488478766
Amazon,Brazil,2010,68.2089728929929,0.46397854173690667,21072.5753420917,Low,9.64535487480715,227.91921848518584
Daintree,Solomon Islands,2016,60.083281543879174,1.418986786343551,9209.091151255854,High,6.5692952505153475,194.8945347742906
West Africa,Benin,2018,74.45669086217282,1.6458736249740014,8239.560305088697,High,6.9687368328394115,219.10222821437551
Central America,Guatemala,2015,75.60835189863586,0.45120902590402767,4702.573528470406,Low,9.857751566846696,239.91858804555386
Borneo,Brunei,2024,68.13051519098522,0.2957984463181973,7877.1735048223945,Low,9.161012634480164,194.92624463629468
Southeast Asia,Myanmar,2018,72.84868727194053,0.526179593232566,24757.68333421458,Medium,8.800508377638089,265.550177815936
Atlantic Forest,Argentina,2017,57.76911168020568,0.2864682303885432,5486.764127442057,Low,9.163045040296437,120.02068861912812
Amazon,Suriname,2021,66.07617327548886,1.9343380730646986,12818.866944926775,High,5.87778604610885,211.68738391636737
Southeast Asia,Malaysia,2013,67.55723190660403,0.6791642224717878,31613.00820985089,Medium,7.807445779100901,167.37977753427117
Central America,El Salvador,2011,71.40806103362583,0.14429746164027513,422.25691918546227,Low,9.047247600986925,209.7110490365161
Mekong,Laos,2018,54.543568685223384,0.9771538716485368,36804.231691037974,Medium,8.084429116071542,161.91854426624525
Borneo,Indonesia (Borneo),2023,66.68685980673699,0.7167796310769542,27743.06580878931,Medium,9.323239725172481,230.21325059848465
Southeast Asia,Myanmar,2014,74.8807713545595,0.7433543356427372,34976.14024499823,Medium,8.206610922455383,210.79926982214067
West Africa,Côte d'Ivoire,2013,61.10891838153814,1.9463009270393523,87321.05393308494,High,5.786019494447016,209.48699345784996
Mekong,Laos,2019,53.134984009984876,0.7806281406038474,29402.144109461133,Medium,9.289504254002674,135.82861922545868
Congo Basin,Congo,2019,56.06172174396668,0.25707078090080315,11159.40382461079,Low,8.9317297072904,195.11855970699733
Mekong,Vietnam (Mekong),2015,81.79728424296276,1.0642211410480809,42534.89515827092,High,7.040936136550628,235.90494389081883
Madagascar,Comoros,2022,68.65878042376553,0.36768078548519045,2876.856374063403,Low,8.850380710960868,207.44503165611897
Central America,Nicaragua,2011,61.70423071941176,1.544775933861751,13978.714652481123,High,6.579055892879315,178.3851188960272
Mekong,Vietnam (Mekong),2023,78.37630501803997,0.4270647043550503,17068.964076066346,Low,8.272144048942366,260.77618453643197
West Africa,Senegal,2019,52.33508051867317,1.2920399188156027,35010.25347141955,High,7.351899309231488,178.76003842069446
Southeast Asia,Vietnam,2023,45.68435145990629,0.10131008624604276,3014.5033759375947,Low,10.0,145.92308879140933
Atlantic Forest,Paraguay,2012,81.80606975034475,1.2941508311302337,25197.47521600787,High,6.76872095088212,222.38084155929874
Southeast Asia,Cambodia,2017,84.33343428291772,0.9366537396496122,25009.6459116095,Medium,8.17048163017757,238.6998654881483
Southeast Asia,Cambodia,2020,82.41720398715174,0.17190471720858846,4590.03783994975,Low,9.854158403396209,226.6800814513327
Borneo,Brunei,2010,83.66758184169755,0.04777217888073454,1272.182955762225,Low,9.862763504601384,206.0398877892494
Amazon,Venezuela,2011,83.14813450689832,0.17143307271806657,1215.5571653881736,Low,9.749980149434396,274.67076555769586
West Africa,Nigeria,2014,77.55552017415684,0.03017101749034412,218.7831672966934,Low,10.0,226.11008999561662
West Africa,Senegal,2021,50.76294376006387,1.1237390941916658,30449.825853258717,High,7.346157833157453,145.51895199434568
Madagascar,Seychelles,2021,62.75399380136654,1.1108728804958847,31417.02001756059,High,8.527545525014165,218.1840260726108
Southeast Asia,Vietnam,2016,52.349201448321274,1.5056479653512744,44800.878596648865,High,7.612582486335559,147.52783229723647
Congo Basin,Equatorial Guinea,2010,57.16442037641163,0.7147591551717922,12004.621888296875,Medium,9.165437388276999,154.68384241551627
Daintree,Solomon Islands,2024,48.440365054884495,1.4950823460690517,9702.944196585273,High,7.5166731781338285,140.8261827543538
Central America,Panama,2017,52.969970125019564,0.4175814388822274,6117.955015833216,Low,8.377347387519032,136.25652933752076
Amazon,Suriname,2012,71.26579006293491,1.4801058785342995,9808.668187601004,High,7.502819431837384,220.68448557456387
Amazon,Venezuela,2024,63.95589199456582,0.5303603490323567,3760.5539717781276,Medium,9.267080015710041,184.39443441841402
Atlantic Forest,Brazil (Atlantic),2022,56.290764576811384,0.608435673726904,19865.39117689629,Medium,8.0148668450743,158.7268655185579
Atlantic Forest,Brazil (Atlantic),2019,58.16282905694089,0.7979477175857703,26052.948952608345,Medium,8.29664938725342,162.61042373041664
Amazon,Guyana,2020,53.89916545815312,0.1320530601082226,2671.408350731521,Low,9.8742906044462,159.57306649761912
Madagascar,Comoros,2021,69.33168091273058,1.4557393154624174,11390.187069841957,High,7.920679918137482,209.66466524858873
Central America,Belize,2018,48.00304912388894,0.39710451045982786,11947.298303840029,Low,9.568152908027473,133.60964560351638
Mekong,Vietnam (Mekong),2021,79.86260585231297,0.1783466043866635,7128.174612232801,Low,9.211023927587524,232.41249883503596
Borneo,Brunei,2013,80.32278293219959,0.9194117421145351,24484.123920030444,Medium,9.00887074499691,239.3378922602118
Congo Basin,CAR,2024,75.18273393428491,0.09264380761162894,868.3959693112826,Low,9.836602266133687,221.89983909206396
Southeast Asia,Cambodia,2014,85.00610140685619,1.1220249926519554,29959.254506045116,High,7.628029446244543,255.63982355806885
Borneo,Indonesia (Borneo),2018,69.74480585008675,1.600692938547165,61955.06625523883,High,6.635055024611264,195.70100148529994
Daintree,Australia,2016,52.916975980324146,1.3100368008430694,9938.357295654008,High,6.568148779302295,178.84278612350224
Daintree,Papua New Guinea,2010,75.01160067327656,1.0488922509428973,51751.55404584497,High,7.847330746206135,226.97136556802002
Congo Basin,Congo,2024,48.72288632887441,0.6006775756954859,26075.32296002451,Medium,9.047387477261857,136.09172393012568
Congo Basin,DRC,2014,70.22120677856154,1.3229460885571136,59637.29057942933,High,7.161416159123165,217.5513046832553
Atlantic Forest,Uruguay,2012,69.18996828115851,0.5533990774576456,1548.1211587122227,Medium,9.103428083708486,206.08253286710126
Central America,Guatemala,2012,77.47135624545948,1.0788884697831,11244.350327453547,High,7.410027524976709,197.73754164670507
Congo Basin,Gabon,2015,52.03539756934998,1.0339686253114497,30139.340205849545,High,7.86159879223829,162.9252465124825
Mekong,Cambodia,2024,63.34999392688142,0.4696719135506122,8852.950725226608,Low,9.218926336203092,169.65985773296052
Amazon,Venezuela,2015,76.84288262739868,1.1673861325921289,8277.426028411879,High,7.760058173347453,249.21720354682216
Madagascar,Madagascar,2012,79.26896924461916,0.7181582348239479,17312.808069379113,Medium,7.760950985492581,232.97191495598855
Daintree,Solomon Islands,2014,63.28968211221297,1.020305430977015,6621.686548752563,High,7.739886162610356,205.47045228446018
Mekong,Cambodia,2011,70.76526238341282,0.2730499086121061,5146.778669808864,Low,10.0,199.69141608628632
West Africa,Côte d'Ivoire,2016,57.2379733649338,0.6201088930971077,27821.2692324445,Medium,8.513559176640527,173.1125054376142
West Africa,Nigeria,2018,75.43595305816284,0.8639028433058591,6264.535173716447,Medium,8.280098085444202,250.51272918462604
Central America,Nicaragua,2024,55.07854768954026,1.321592966026441,11959.126598138168,High,7.313436192672646,159.85531214032434
Congo Basin,Congo,2017,58.40143030479418,0.6126627412221999,26595.597187802327,Medium,9.558794397015427,163.38794893966644
West Africa,Senegal,2020,51.85501154045244,1.3804780854090482,37406.652053146376,High,7.88422789027924,168.6658468969931
Congo Basin,Congo,2016,59.80641068086791,0.7023494514120641,30488.883749590663,Medium,8.999066597085276,192.13246397762296
West Africa,Togo,2019,64.63116804959093,0.4492431488446833,2808.411449117339,Low,8.614892545624366,182.9185214804764
Southeast Asia,Vietnam,2018,50.33531056674353,0.3499727039561013,10413.512974409145,Low,9.479646116683837,111.29671129187534
West Africa,Côte d'Ivoire,2015,58.118674027847526,0.25405231315445254,11398.091338594113,Low,9.775866245228661,162.15556253357545
Amazon,Peru,2014,59.28870286271464,0.3225112769637549,3062.3433178688774,Low,9.005675028274462,191.4132990218724
Congo Basin,CAR,2017,79.29791870732309,0.8373475746115556,7848.870609393857,Medium,7.8900462978530435,222.39307233349479
Central America,Costa Rica,2014,61.69241282562473,0.15182221375949723,301.13764405103404,Low,10.0,184.8584817365503
Southeast Asia,Cambodia,2022,81.89337148898298,1.1004694830686212,29383.699592523757,High,7.648659377754294,232.53041570762207
West Africa,Togo,2010,72.34941101555559,0.6567800270916822,4105.813416140883,Medium,9.49392835527221,178.40488979614577
Central America,El Salvador,2015,66.70675528433313,0.7535835342187254,2205.207616897374,Medium,8.991379809309816,186.6106423122008
Amazon,Brazil,2022,56.540489489602315,1.210930202840768,54996.978605630866,High,7.782077985506125,183.0841088826012
West Africa,Liberia,2012,65.76581670937857,0.07859565387600759,1339.8492121931404,Low,10.0,149.89240052681944
West Africa,Liberia,2013,64.57994039259249,1.0275044689495614,17516.24912261539,High,7.244781281935493,198.783168187289
Southeast Asia,Cambodia,2015,84.93963615184502,0.19081862619842066,5095.059222576231,Low,9.721750137520367,231.09752382754678
West Africa,Nigeria,2019,73.23857281300842,0.7716115870550719,5595.291142990599,Medium,9.165287032380668,231.8845598285091
Amazon,Peru,2020,54.936873290104984,0.01661708050925481,157.784267077658,Low,10.0,179.09699858778802
Atlantic Forest,Brazil (Atlantic),2020,57.815318618701525,0.22856305845178582,7462.571247540845,Low,9.620042226628634,170.00699715787906
Congo Basin,CAR,2014,81.21337129473709,0.5734917965187949,5375.620641778273,Medium,9.708985004870925,240.24675070858683
Amazon,Colombia,2018,68.95239524727072,1.0081600416168939,25631.125934397685,High,7.891159555435809,190.7299317990861
Congo Basin,CAR,2020,77.12654608854754,0.2629860451928946,2465.0975334260547,Low,9.16425007210337,204.4679702635433
Southeast Asia,Thailand,2015,66.37677028795446,0.7851016044873445,10112.9366952669,Medium,8.50671274906444,233.09216899053803
Southeast Asia,Philippines,2023,58.64663487454031,1.1233872274508863,21430.597892980895,High,8.136459229154026,158.6384760801984
Daintree,Papua New Guinea,2023,65.64261939105296,1.3400884768871315,66118.95661875191,High,6.460925998321607,228.28378079708833
West Africa,Liberia,2021,59.975974018732316,0.19116097713664482,3258.7919558843537,Low,9.760112367471919,162.7379212601934
Central America,Panama,2021,50.99759877505598,0.842650369978797,12345.60873061092,Medium,8.719871767810561,163.49660413192248
Southeast Asia,Myanmar,2012,75.8803275655916,1.2193085709499936,57370.63138617616,High,7.426562045451583,204.8848395037021
Atlantic Forest,Paraguay,2019,75.64317600593552,1.2219753780014266,23792.19914797107,High,8.109531627148469,237.39742835584684
Congo Basin,Cameroon,2014,68.5320518469319,0.6715606671773129,25272.74831999716,Medium,8.977471996850909,199.08440839773328
Congo Basin,DRC,2016,69.07626312871292,1.0874437404491974,49021.04394040888,High,8.895804078357143,200.97846617262536
Borneo,Malaysia (Borneo),2024,52.22744048088456,0.019465049536315338,425.2409757951998,Low,9.585768452136763,168.88278483834267
Mekong,Thailand (Mekong),2024,59.94591402483985,0.5664979725253441,5597.238034857846,Medium,9.282358980197357,170.4549147729376
West Africa,Ghana,2021,69.33233813134217,0.12631727456737912,3723.9182467876453,Low,9.23870349696654,179.43404448512453
Borneo,Indonesia (Borneo),2020,68.30002459309138,0.08703037902829114,3368.5241991572943,Low,9.018256016305056,220.1261850474632
Southeast Asia,Philippines,2012,69.97026003267169,0.528850713175702,10088.762541124885,Medium,7.924533152239659,186.99276829836853
Amazon,Suriname,2018,68.15151383944435,0.7780243009264596,5155.970475054786,Medium,8.713113409345544,214.78488720629122
Central America,Guatemala,2010,78.3384674150969,1.4308070143639897,14912.10238229814,High,7.2305099282440715,254.47533315195074
Congo Basin,CAR,2018,78.96384328103669,0.71212442183911,6675.092415951029,Medium,8.336225627640903,229.3816521160657
West Africa,Nigeria,2024,69.26477140206303,1.013544427969241,7349.651373805778,High,7.086158977086711,231.44137108802477
Madagascar,Mauritius,2011,83.07235295428022,1.0226265385996305,35171.84226242966,High,7.609553609731401,258.85273302006635
Amazon,Venezuela,2022,66.3628680991145,2.650027492557568,18790.18940733559,Critical,4.701991518722591,185.17137589444795
Mekong,Vietnam (Mekong),2012,83.06178388748945,0.9480259226180634,37890.79324826208,Medium,8.500532838160423,277.21393170778987
Southeast Asia,Indonesia,2022,69.1043340853428,0.05034709346974231,301.4452249371891,Low,9.891037937936701,184.47956582124058
Southeast Asia,Myanmar,2020,71.81700611168536,1.6792448419904642,79011.44889181921,High,6.76754048737171,207.91700973698477
Amazon,Peru,2012,60.32186960460433,0.21838954011722084,2073.6755476168632,Low,9.375154729278492,176.83931274142643
Congo Basin,DRC,2017,68.46685188122945,1.2086425100813756,54484.58195223125,High,8.457327081100827,217.5050296640534
West Africa,Côte d'Ivoire,2017,56.113262607023294,0.6840076190102692,30688.09419984882,Medium,8.122859939815346,190.64845376869258
Southeast Asia,Vietnam,2010,58.23688734621193,2.1841619209664085,64990.207079255764,Critical,5.282057049424619,195.76649317669006
Mekong,Cambodia,2021,64.68605289703252,0.3904435416509696,7359.557460202511,Low,8.972933879701303,198.5331250825837
Madagascar,Madagascar,2015,76.2826264051566,1.4774404420150504,35617.00133232567,High,7.316471314958261,223.2424971261985
Atlantic Forest,Brazil (Atlantic),2021,56.99566971665364,1.8996650442179992,62023.95888017085,High,5.681240016670562,134.46732431740833
Madagascar,Madagascar,2013,78.81779933294631,0.3115351017343997,7510.249359633608,Low,9.4447890918052,210.17048090973458
Daintree,Australia,2023,48.02954732342585,1.1262961948650771,8544.442414213958,High,7.829862681983124,179.4217517561063
Congo Basin,Gabon,2020,45.79827435194811,0.2723983886632446,7940.190356330966,Low,9.108024237306822,100.67338330579355
Amazon,Suriname,2020,66.8305896819006,0.5241292580281,3473.4069055263235,Medium,9.116731214422229,184.80195618085963
Madagascar,Seychelles,2014,72.85030463621803,0.2947296558542611,8335.361912524757,Low,8.906633738922762,241.44303954965585
Central America,Guatemala,2024,71.65916856323172,1.4222031479197499,14822.431493064238,High,6.597056632929627,219.17177167364247
Central America,Panama,2015,53.82579865231299,0.839387407769519,12297.803310743211,Medium,8.371028062721683,180.03829737705283
Amazon,Guyana,2014,62.2624222045017,0.6146713340849848,12434.684463080212,Medium,7.9407795390909985,197.64383363891864
Congo Basin,Gabon,2010,57.229305123933315,1.6832631787246084,49065.74566929358,High,5.561072291275664,201.0795661190177
Southeast Asia,Cambodia,2011,85.82522493279129,0.9889149237196341,26405.074823260067,Medium,8.288586802959133,263.38422052967155
Daintree,Solomon Islands,2017,59.026424098091596,2.33270713926301,15139.050540430688,Critical,5.859070692769565,190.34822687730502
Mekong,Vietnam (Mekong),2019,80.04820248357372,0.585633905662971,23406.673498302345,Medium,8.595330629327794,225.65967680955433
Atlantic Forest,Brazil (Atlantic),2013,62.68578564408934,0.4155759583981541,13568.532112399482,Low,8.834812757154806,199.78401644383075
Mekong,Thailand (Mekong),2014,74.56584098002693,0.3525146794263233,3482.9931742473527,Low,9.797738254134632,215.77500098029623
Atlantic Forest,Uruguay,2023,55.571170113618855,0.14832903117458102,414.9470444865868,Low,9.130572828651378,157.65139298124228
Central America,Guatemala,2023,71.9108479455753,1.2662007331060552,13196.54906571142,High,6.78591222142731,233.62701412966862
Central America,Costa Rica,2015,60.48317904373855,0.32384429839363393,642.3415035437692,Low,9.706129615066974,199.48200465240294
Amazon,Brazil,2015,63.67766310713774,1.154283781148794,52424.26051290303,High,7.695951530958566,224.80183243633584
Daintree,Solomon Islands,2010,69.40569172272453,0.8616266756686151,5591.876309879001,Medium,8.809185018307888,240.6823388778976
Amazon,Venezuela,2010,84.20743974011693,0.4920482339764676,3488.8994698842566,Low,7.945770592658076,270.9686224475263
Central America,Nicaragua,2010,62.01688224927949,0.21546609847073583,1949.7579174970285,Low,8.868730807499247,151.64173454310423
Congo Basin,Cameroon,2017,66.88797825801777,0.03552815586604141,1337.0261025710479,Low,9.936109718189996,237.2175544330472
Atlantic Forest,Paraguay,2013,80.46981905221683,0.33605196974940366,6543.024951470362,Low,9.536732909743085,259.76881056997775
Congo Basin,CAR,2016,80.82194798265157,0.5054946039512296,4738.24951603943,Medium,9.41250933594227,227.14864214622864
Amazon,Peru,2011,60.626391510151834,1.3675836664584566,12985.625625352443,High,7.3522415514874755,196.45735764171113
Amazon,Venezuela,2013,79.8185994011773,0.03797592519395693,269.27072617823296,Low,10.0,218.71048338427732
Daintree,Papua New Guinea,2019,68.14985565065342,0.8841169089778957,43621.662717675936,Medium,8.03706541052911,216.8221693541551
Daintree,Australia,2021,49.263927764477984,2.6846937865788543,20366.943938729197,Critical,5.426064879294549,121.46638247195196
Madagascar,Mauritius,2010,83.4285763506907,0.8018805622105838,27579.586078414002,Medium,7.8447271478435825,234.1213608763394
Southeast Asia,Myanmar,2023,70.92950636073572,0.35560816885469293,16731.99521379595,Low,9.468293738568583,226.98710166621768
Mekong,Cambodia,2019,66.52077892598594,0.12332132154263786,2324.5111140101226,Low,9.259452939620715,221.02007163781568
Southeast Asia,Malaysia,2010,69.36524373127382,0.34453476366373725,16037.034861230788,Low,9.57831974557503,214.60446838249766
Amazon,Peru,2021,54.63075439645402,0.20897627488752468,1984.2937122067265,Low,9.063538665531068,158.16889045560262
Atlantic Forest,Argentina,2023,54.01723829186171,0.714929141347018,13693.132956088697,Medium,8.942049566556193,119.75438897524532
Borneo,Malaysia (Borneo),2012,60.160434741471654,0.5828353109115144,12732.844880641764,Medium,8.890381851589229,176.3008822313878
West Africa,Senegal,2014,57.49424472584859,1.2297753767342348,33323.07850971338,High,8.412768833160872,183.1524357140363
Southeast Asia,Malaysia,2014,66.82875397448225,0.4851535953871459,22582.40950648666,Low,8.889182985589915,194.15095980473382
Amazon,Colombia,2017,70.13182899239081,1.3609170501120105,34599.50291398796,High,7.490648957899752,209.94392815528406
Daintree,Australia,2024,46.82419566684414,0.18071051823780004,1370.927668729817,Low,9.248750823294046,136.76023764217402
West Africa,Senegal,2024,48.139790884198646,0.022317417929249683,604.7324445260779,Low,9.811418660920854,137.98524829616727
Madagascar,Madagascar,2014,77.60817893827308,0.602160618493482,14516.426477337433,Medium,8.848553502735212,234.3420846140155
Daintree,Papua New Guinea,2011,74.38469312281043,0.9863936332995236,48667.91930085176,Medium,7.263602772165266,217.70018772538208
Central America,Honduras,2012,82.44215993000756,1.1650794136506035,4651.952422729912,High,6.9610292056064065,276.19227086266153
Atlantic Forest,Brazil (Atlantic),2015,61.45418531284625,0.35481733633664314,11584.766454433026,Low,9.590294977244538,140.23417897086412
Congo Basin,Gabon,2024,40.34966452027582,1.1176172496027383,32577.629225022672,High,7.691722090028684,110.13214184140591
Central America,Honduras,2014,80.44440207686907,1.7250589956635753,6887.850115799735,High,6.253418742148838,223.9280817602627
Central America,Honduras,2023,67.07815389871585,1.2369981479282761,4939.110985693776,High,7.15751061393507,205.61667369683576
Madagascar,Comoros,2018,71.44367645269445,0.06610214284896337,517.2050825102185,Low,9.518551316440226,215.8739250757459
Daintree,Papua New Guinea,2013,73.09683522216308,0.6158941317260442,30387.752808628924,Medium,8.824487094052026,251.73436769747784
Central America,Panama,2014,54.343799253541036,0.008181707874465316,119.86960163424448,Low,10.0,202.054238726579
Daintree,Papua New Guinea,2012,73.62478852698705,0.06663077008133056,3287.512035559861,Low,8.820684845024727,205.41269646955152
Congo Basin,Cameroon,2022,63.68450557522959,0.774252129922099,29137.321722531033,Medium,9.157912768540749,191.06351802636135
Mekong,Vietnam (Mekong),2011,84.16560123095594,0.16583510649453803,6628.113834836122,Low,10.0,256.42289203135493
Congo Basin,Cameroon,2012,69.97715078934459,1.267321295270961,47692.924409313615,High,6.3000300276846275,193.97517740128706
Atlantic Forest,Uruguay,2019,59.910593314369464,0.21051831658190134,588.9201364305907,Low,10.0,192.29942066386084
Mekong,Vietnam (Mekong),2010,84.18389051071745,0.25449508105010177,10171.684411475788,Low,10.0,247.76152415685348
Atlantic Forest,Paraguay,2020,75.62543751695758,1.7171187982655378,33432.77871594786,High,6.565985150562697,205.52361553885316
Amazon,Suriname,2016,69.39199827216977,0.10725004010290773,710.7464889728459,Low,9.136915608851748,202.58462873117847
Southeast Asia,Malaysia,2011,68.91222995743833,0.90953927282342,42336.25910726324,Medium,8.688535500185697,186.78319841750204
Central America,Nicaragua,2016,59.269252492702456,0.3653534128303445,3306.0918372143574,Low,9.148677641190636,198.54069406649248
Amazon,Guyana,2023,50.361665466150704,1.4811241150963073,29962.85982540239,High,7.312191191716864,189.11618150072553
Borneo,Indonesia (Borneo),2011,74.29204924156763,1.425677108371167,55181.05164372246,High,8.258246419238555,227.77253520259367
West Africa,Liberia,2024,58.556594265506085,1.4409400841919358,24564.239132966075,High,7.2440382069279385,177.89531815758377
Amazon,Suriname,2024,64.18527744944386,0.8871868235338822,5879.390994023348,Medium,7.767184007072956,195.60452768581527
Amazon,Venezuela,2018,72.02401415514109,0.6653792377959955,4717.914037121539,Medium,8.501376026948147,239.71672304418956
Congo Basin,Cameroon,2011,70.03901683476283,1.1071508800975582,41665.25365843255,High,7.39097555968439,233.33103057623217
West Africa,Togo,2023,60.442191054209445,0.8052308500714649,5033.843130026296,Medium,8.606283158581332,179.0135017916637
Central America,El Salvador,2023,58.41521369794878,1.0092770606574635,2953.442267059459,High,7.578412099310171,180.29743964142816
Congo Basin,Equatorial Guinea,2022,38.896878499786844,0.546680803428382,9181.689092419856,Medium,8.670212681968415,129.7435636429021
Central America,Panama,2022,50.306675865414434,0.09582736538122161,1403.9596976758228,Low,9.166130082033758,128.16627846522863
Atlantic Forest,Argentina,2011,60.519072892375306,0.8576779079890016,16427.219074418546,Medium,8.218600681262425,205.80938342553503
Amazon,Brazil,2018,60.6377930924671,0.016455542918780375,747.3635885248533,Low,10.0,216.61001710194583
Central America,Guatemala,2014,76.38829360417374,2.642487898910714,27540.436758381747,Critical,3.372630178619826,252.46552290931038
Amazon,Colombia,2016,71.07651349012279,0.11147905912746231,2834.206560063163,Low,9.906828662485186,188.3176622380773
Borneo,Brunei,2012,81.64054133793243,1.0675121808725951,28428.06908525491,High,7.842125522706421,205.52161490541982
Southeast Asia,Thailand,2023,58.91079691837743,1.0861194885832663,13990.364519392968,High,7.445265048455403,190.90676422549092
Southeast Asia,Cambodia,2013,84.52321965912618,1.1843680069461158,31623.878952153264,High,8.645578448242706,238.36586999813682
Atlantic Forest,Paraguay,2014,80.06823512126282,1.5298595121217122,29786.788536074044,High,7.419519239558953,245.94737244624818
Atlantic Forest,Uruguay,2024,54.44894594069479,0.8767828029654243,2452.7796741216453,Medium,7.698233150993451,194.04981222223535
Atlantic Forest,Brazil (Atlantic),2010,65.26999181075996,1.1764812115735612,38412.046645818235,High,8.066156016638448,182.6708719043117
Southeast Asia,Vietnam,2017,51.29424184923805,1.9721737078735928,58682.45226720977,High,6.677901622263343,146.33163241953497
Southeast Asia,Philippines,2022,59.44945515307574,0.09637879364969226,1838.5959192396424,Low,9.873252874009394,183.88282491099352
West Africa,Liberia,2019,60.94210905233298,0.2550805643389741,4348.452825579023,Low,9.670559889795713,156.87613435735435
Congo Basin,Cameroon,2010,70.73395374275752,0.3756692316423431,14137.507461193954,Low,9.41783487017611,197.04473730815502
Atlantic Forest,Uruguay,2014,66.83446996849302,0.2873843308048135,803.9510388149057,Low,8.382323408928729,201.00055998050448
Central America,Belize,2012,55.907188177730156,1.6467379358601346,49543.807309539734,High,6.613089329854531,161.71246715683546
Mekong,Laos,2020,52.71488803016186,0.922454694196988,34744.002223963726,Medium,8.03563419061401,170.3128191664701
Madagascar,Mauritius,2018,78.71860073899462,0.8909535621673745,30643.13018378383,Medium,8.93317069394519,291.47539450576926
Congo Basin,Congo,2022,51.568563650090674,0.955446342931779,41475.7816355549,Medium,8.255971245917378,156.6884577386345
Congo Basin,Congo,2021,53.00057684761442,0.054549461789135445,2367.9839085058634,Low,9.74209559536338,142.16749162208308
Atlantic Forest,Brazil (Atlantic),2011,64.12065224087671,0.9685261062896295,31622.32393216913,Medium,8.017885416925235,220.7267638177814
Central America,El Salvador,2012,70.48028225011977,1.4369966314572349,4205.075845281946,High,7.6376995278992315,179.6644772439549
Atlantic Forest,Brazil (Atlantic),2024,54.57570511712294,1.7685171943085862,57741.98881667855,High,6.37067327976017,135.94895193078668
West Africa,Nigeria,2013,78.80232921295685,1.1236533817923053,8148.0992774220595,High,7.403595469869585,224.50491886591607
Borneo,Brunei,2023,69.22293260716503,0.289428836591636,7707.549486851205,Low,9.283291230356294,202.01106341110258
West Africa,Côte d'Ivoire,2020,51.98999356649558,1.6856179948926326,75625.47897795972,High,7.0991120821260765,143.58852596914255
Congo Basin,Gabon,2016,49.93012889807026,0.29739607197983187,8668.852390548658,Low,9.653290308839305,149.1601402057503
Congo Basin,DRC,2013,70.56396623812047,0.4715674246021293,21257.860597677867,Low,9.078999137470298,217.1867367692883
Central America,Honduras,2013,81.65138142140297,0.2715234036893539,1084.1440856488757,Low,9.552722842343707,266.33333496971164
Congo Basin,Congo,2018,57.03279582341969,0.1558746915265305,6766.4968484007,Low,9.408379380149198,172.92215294713472
Daintree,Australia,2018,50.60879176979785,0.5396628163877653,4094.054369303949,Medium,8.823699667003142,140.5874503554915
Congo Basin,Equatorial Guinea,2012,54.361271008565645,0.370924630678565,6229.804694536727,Low,8.926498577755611,183.37672075448518
Southeast Asia,Myanmar,2019,73.34018628611626,0.6301347345368218,29648.957154932203,Medium,8.592340888776485,203.66624934374616
Southeast Asia,Philippines,2018,63.85498363174816,1.4706531273485135,28055.309017334115,High,7.731782877116285,158.91289598149802
West Africa,Togo,2020,63.34235158129802,0.3795152644505254,2372.5125614907065,Low,8.702033565410353,214.14617510198488
Congo Basin,DRC,2012,70.96185967020588,0.07100308501652075,3200.759010357334,Low,9.513634996755503,235.72264390683708
Congo Basin,Gabon,2013,53.71905458938575,1.3882418895862112,40466.11625729657,High,6.596366789359701,145.31119592407515
Congo Basin,Equatorial Guinea,2017,46.75469085104231,0.44672495061322504,7502.896718952725,Low,8.371095720179751,132.28209547670843
Borneo,Malaysia (Borneo),2013,59.190526065363905,0.8031121468596119,17545.097553766973,Medium,8.30038974918313,159.23302728949312
Southeast Asia,Thailand,2016,65.18989971101752,1.5179899572789912,19553.31164052003,High,6.655215494541625,202.10218348435524
West Africa,Liberia,2020,61.28938266170186,2.013110279640271,34318.236304632446,Critical,6.854623906115554,218.5091338124672
Central America,Belize,2011,57.8897266920234,0.1303231850788813,3920.9072851905066,Low,9.597930356753341,187.72681604797265
Congo Basin,DRC,2019,67.4354594077508,0.46322399366628386,20881.745788877826,Low,9.718250444382443,223.02087107491303
West Africa,Togo,2022,61.36510787157763,0.41733177161672286,2608.9197542643797,Low,9.64933969423687,200.4898902485531
Atlantic Forest,Uruguay,2010,71.60793947557828,0.5043940401947147,1411.030696944999,Medium,8.886734841998564,214.82143545555294
Atlantic Forest,Argentina,2016,58.128377299405884,0.11943578901504248,2287.5695563576232,Low,10.0,196.05194065644397
Central America,Nicaragua,2012,60.890492962235115,0.4182972479720005,3785.181877284496,Low,9.297672497288405,197.57209014496132
Southeast Asia,Indonesia,2019,70.9591758448378,0.8274067100777941,4953.966249984934,Medium,9.101691212846408,241.6664418375761
Central America,Nicaragua,2014,60.212996075889656,0.37851638242467733,3425.20386628286,Low,9.941265680941278,171.44800940443383
Atlantic Forest,Argentina,2013,59.84634273605452,0.21055092861394603,4032.7099467599965,Low,9.786222135324499,144.7767954172558
Central America,Nicaragua,2017,58.94409230030032,0.9430251374225427,8533.457194139757,Medium,8.489515149057839,197.7372971983625
Atlantic Forest,Argentina,2010,61.57342714323726,0.21601017270936956,4137.271575199887,Low,9.880015362141,191.71567184183294
West Africa,Benin,2021,71.30589627727174,0.4252527432664004,2128.89712179649,Low,8.577363797771344,207.9967668253905
Daintree,Papua New Guinea,2015,71.4610179729229,0.6831859400488625,33707.87997338815,Medium,8.662273297128783,209.57999767261887
Madagascar,Comoros,2024,67.29325866159837,0.691661232290567,5411.786808989538,Medium,9.153801152391196,252.97350250283745
Southeast Asia,Vietnam,2022,46.31896310509359,1.2231382005894846,36394.73986786048,High,8.316816757501861,126.11299626459534
Central America,Costa Rica,2021,56.48818804872643,0.731733215418656,1451.3845576914314,Medium,8.176213733246712,152.39849800965263
Borneo,Malaysia (Borneo),2016,57.32576949159436,0.6890216239602351,15052.632009500012,Medium,8.88637240298604,173.6829931446501
Madagascar,Comoros,2011,76.18529815285949,0.9231663491140163,7223.159600969875,Medium,8.229102408410736,252.1657120180377
Amazon,Suriname,2017,68.85553429779203,1.1311690216043329,7496.262097139595,High,7.6787249245005365,252.13464262396064
Southeast Asia,Malaysia,2017,64.60808812347112,0.6466401696839945,30099.113464252976,Medium,8.884720975244525,206.97156363820477
Central America,Guatemala,2013,76.63391980825027,0.44423435167191505,4629.8823442727435,Low,9.220530001989239,204.4935845451622
Atlantic Forest,Paraguay,2017,78.03311763495907,1.7582517127337451,34233.64795618136,High,6.754200358968804,273.5166383192332
West Africa,Senegal,2023,48.82877500021507,0.7003619261822219,18977.62460764236,Medium,9.320134528110582,146.09695101910324
Southeast Asia,Malaysia,2018,64.21116855035125,0.32467518422955055,15112.632445844116,Low,9.74271342697325,175.87931701315435
Atlantic Forest,Uruguay,2011,69.74329174451994,1.4821767017113427,4146.355146472468,High,7.190942226013665,187.64202609157275
West Africa,Côte d'Ivoire,2012,61.59509728442957,0.35072160525676077,15735.17218363043,Low,10.0,201.51186623999783
West Africa,Liberia,2015,63.269477462359696,0.1987277072702467,3387.7848061045283,Low,10.0,194.58502011080736
Central America,Belize,2017,50.278054144199196,0.5091638669240872,15318.719489322353,Medium,8.935473046850152,157.73566997151457
West Africa,Nigeria,2023,70.08514639204242,0.19203138107919449,1392.5030465515567,Low,9.007377036665158,235.98550155756587
Southeast Asia,Vietnam,2013,55.36593535668893,0.5488924874939103,16332.41385816911,Medium,8.408299684551945,150.05471423987393
Atlantic Forest,Argentina,2022,54.623132297081234,0.8951614975949764,17145.14725283776,Medium,8.676293228967864,191.19248945671666
Southeast Asia,Myanmar,2022,71.45876577835487,1.2691373482940342,59715.16375930753,High,7.14656906378544,203.9931508791908
West Africa,Benin,2011,82.06194484455095,0.9597792375205914,4804.839683391779,Medium,7.576413786402842,289.4659820119
West Africa,Benin,2019,73.86541508660254,0.3625096108293666,1814.7929186543606,Low,8.895938114997666,233.57102557967042
Southeast Asia,Indonesia,2024,68.50372754501606,0.3865316249526414,2314.2967071020985,Low,8.883244594049367,187.10641203952065
Daintree,Australia,2014,53.53703886544623,0.33577032680951924,2547.2608669954907,Low,9.753783180272087,120.10275492992909
Central America,Costa Rica,2017,59.23465148045884,2.367330864101632,4695.573997057918,Critical,5.186967233905598,193.88244888695675
Madagascar,Madagascar,2017,74.9424577560482,0.733489409600012,17682.400275532913,Medium,7.846833880650273,217.34376774834092
West Africa,Nigeria,2012,78.94880540387175,1.2195719769185969,8843.646719635282,High,7.5763784950439845,233.73510232117852
Madagascar,Comoros,2020,70.04522952983105,2.0685530177288376,16185.04466119562,Critical,5.974027030766446,225.45960877297526
Daintree,Solomon Islands,2013,64.92670078454111,1.4018865945398065,9098.112510340929,High,6.956558380199962,214.98837887863644
Central America,El Salvador,2010,72.74396702423392,0.14166841625041232,414.56355719487027,Low,10.0,242.70610788608758
Central America,Belize,2022,42.536390563421364,0.5206656692559506,15664.763061910975,Medium,8.748199218641956,104.11234552260535
Atlantic Forest,Argentina,2014,58.82267327699296,0.4758845843833191,9114.680754845382,Low,9.602399674551936,204.98591482347064
Central America,Honduras,2015,77.97608551299263,0.04583537262505161,183.0123940322071,Low,10.0,222.34734981561488
Central America,Panama,2023,50.18792977143963,0.7196170292953394,10543.056285358754,Medium,9.024068695431524,105.43879061935438
Mekong,Thailand (Mekong),2011,79.4855678248873,0.6927399978315749,6844.562297099421,Medium,8.065244583933652,214.88789653746096
Mekong,Vietnam (Mekong),2017,81.28072482757749,0.7127090384474664,28485.624894521286,Medium,8.623737019224118,248.20267632538378
Amazon,Ecuador,2020,54.23833262593109,1.9152933602106292,16995.13975857471,High,6.142999277291357,143.13871295617048
Southeast Asia,Thailand,2012,68.29423763128914,0.21058954493054904,2712.615442886968,Low,8.867817647685134,203.1218235103465
Congo Basin,Cameroon,2019,65.40791509621499,0.7240971111755593,27249.84494237088,Medium,9.104336142550336,202.98879503922853
Madagascar,Seychelles,2024,58.25876229516065,0.03238833175217237,915.9867747776584,Low,9.52652288804198,171.14857882329622
Amazon,Colombia,2015,72.32016415098494,1.1985355445547727,30471.169468358057,High,7.2981449964724625,207.07340569582047
Mekong,Laos,2010,64.5147484612833,0.4003057630478962,15077.406412581531,Low,8.692730556105344,168.53032412408538
Congo Basin,CAR,2015,80.49084495324607,0.4380732870821942,4106.276356428275,Low,9.4744465888708,241.91141102404484
Central America,Honduras,2017,75.51221154510738,0.4892225426678736,1953.3775689048487,Low,8.258590055277955,185.23748688362744
Central America,Honduras,2022,68.72472690737679,0.8124183180520008,3243.840135403467,Medium,8.684100764128283,192.45421988774194
Daintree,Australia,2022,48.18017669264057,0.7042187099308503,5342.427899027937,Medium,9.11381957326003,125.9848478967065
Amazon,Guyana,2015,61.00627561889569,1.3367173723966954,27041.538819788973,High,7.595154469019491,178.23128982650877
Mekong,Thailand (Mekong),2018,69.481612120842,0.6584450976325518,6505.714270971597,Medium,9.039424046658112,204.17824037634063
Southeast Asia,Thailand,2010,70.69199564162945,0.17419407201195325,2243.803366187164,Low,10.0,231.27512041356323
Mekong,Vietnam (Mekong),2014,82.73188767934766,1.0118298654364297,40440.91550555044,High,7.501628105764259,279.8652085830349
Borneo,Brunei,2020,73.16310534463173,0.08021518236885716,2136.146815865091,Low,10.0,197.1337392291558
Mekong,Laos,2023,47.862196743321974,0.6923769994641655,26078.189162607487,Medium,8.385207874004921,183.4432427353665
Daintree,Australia,2015,52.92415768923739,1.43579619792941,10892.40822057898,High,7.0952137953461945,143.18656107728356
Congo Basin,Equatorial Guinea,2021,41.05914826923266,2.672757257850306,44889.86261670532,Critical,4.488166825123909,126.62798046615978
West Africa,Togo,2012,71.61560096066599,0.28422517475413106,1776.8133736923096,Low,9.677320710930392,225.0640626649643
West Africa,Togo,2017,66.26080762923804,1.4551650079906224,9096.860084133821,High,6.820651362450044,247.67407793936428
Central America,Honduras,2010,86.09330199640283,0.2304817395332071,920.2721068231381,Low,9.57249438305227,247.4342592339552
Southeast Asia,Indonesia,2017,72.13834374254675,0.8317588229847095,4980.023834718511,Medium,7.718810445457579,180.48027096807917
Amazon,Brazil,2014,64.42287283010353,1.693535717076218,76915.53764322113,High,7.19526117009835,223.0762078941702
Atlantic Forest,Uruguay,2022,56.52792583894277,1.4326448153667084,4007.7908365474545,High,7.470080842241686,152.91630634091962
Central America,Belize,2016,51.168702267812584,0.3364360162518203,10122.024153444341,Low,9.180998086545475,146.2743351919259
Atlantic Forest,Paraguay,2022,73.38294997775925,0.391796539685046,7628.387171694455,Low,8.981832405617002,197.79385685475424
Mekong,Laos,2016,57.11045152347219,1.3028532481466284,49071.60908375008,High,7.716607626865591,164.1572791094382
Amazon,Guyana,2018,57.21298126013197,2.3665955234282405,47875.77840989671,Critical,4.913162262825538,154.83111305628708
Mekong,Vietnam (Mekong),2013,82.96879251282346,0.6538261395192329,26132.187403079533,Medium,8.755030378844118,262.4352138683658
West Africa,Liberia,2011,66.11323602940857,2.065650912433313,35213.91592537768,Critical,6.449397568849076,199.9555406826653
Madagascar,Comoros,2017,71.69221164746219,0.3068684716638351,2401.0406677635783,Low,8.980634497103734,201.45553173009299
Amazon,Venezuela,2012,80.99544195657585,1.2615682908078414,8945.23064426397,High,7.6611638329444185,262.90376540290606
Amazon,Colombia,2012,75.85242698953505,1.3809246097978294,35108.168463878974,High,7.396013413872088,232.6572159820971
Congo Basin,Equatorial Guinea,2015,49.80026159899921,0.17203159691778125,2889.328886373617,Low,9.607268396833096,112.4798197881165
Congo Basin,DRC,2024,64.72806382868521,0.09766246344131335,4402.54123832428,Low,9.552780281065404,212.57825776774166
Amazon,Peru,2022,53.847031538886164,1.4163113508378822,13448.309907463072,High,7.774775826771428,165.2384522937112
Central America,Belize,2014,54.08525868411334,0.0747544502055546,2249.064648273911,Low,9.551706781705407,190.0704258041709
Southeast Asia,Malaysia,2015,65.5964686237077,0.2154799301403223,10029.928808370161,Low,8.663020689154546,199.26775439797598
Madagascar,Mauritius,2019,77.96308935957029,0.04716760143927756,1622.2651917396856,Low,10.0,218.05508106735897
West Africa,Benin,2013,79.66068176256506,0.07150932925967063,357.9894725032774,Low,9.256329666596741,234.89613862165845
Southeast Asia,Philippines,2013,68.94109027980377,1.1852936837005421,22611.573017538994,High,7.975353205026459,222.90165745702572
West Africa,Liberia,2023,59.22530270012888,0.9120341386209503,15547.783647838041,Medium,8.843383346679822,162.2611669063694
Central America,Panama,2024,49.56701129770961,1.0725265958063128,15713.508445183495,High,8.169821747586711,139.89509815097765
West Africa,Togo,2011,71.64899599025927,0.8371038488784661,5233.09490492255,Medium,8.861497953186813,210.51321637079644
Atlantic Forest,Brazil (Atlantic),2017,59.51534158267084,0.02492787020268894,813.893586728749,Low,10.0,155.55859254369508
Madagascar,Comoros,2013,74.65283533227675,1.057682284726618,8275.656881374545,High,8.368015661851237,208.83203750425878
Congo Basin,Congo,2013,64.46318818244966,1.4459630612842433,62769.0383940126,High,7.273360573744231,196.84056838343278
Amazon,Bolivia,2012,60.40863678993114,0.9676025728954474,6687.253956656268,Medium,8.88176894597093,205.27546532285356
Madagascar,Madagascar,2016,75.73180290031956,0.8597247253006803,20725.584474122392,Medium,9.157938321821932,233.53834839516819
Central America,Costa Rica,2012,62.66360148197547,0.11364360525654127,225.41080584315856,Low,10.0,187.07357925854598
Congo Basin,DRC,2018,67.48566599051681,0.6694536631795823,30178.404838891183,Medium,8.415020916042835,185.83158249250423
Daintree,Papua New Guinea,2018,69.80543504375463,0.15619306355896123,7706.4481724326715,Low,9.010604693632875,231.3195133656685
Madagascar,Seychelles,2020,63.910564921628335,0.48077771353551685,13597.058057083696,Low,8.761848481211523,200.40180476382184
Amazon,Bolivia,2014,59.820491904550934,0.812213311380253,5613.334267935411,Medium,8.727394185136081,165.326880443268
Amazon,Brazil,2024,55.11388474452199,0.8060467223936747,36608.331547621856,Medium,8.467486027878703,183.31462340726398
